{"hostName":"localhost",
"hostUser":"root",
"hostPassword":"",
"hostDB":"maxeo_db",
"typeDB":"mysql",
"blacklist":["_",
"include"],
"kaptcha":{"path_bg":["_data\/captcha_data\/0.png",
"_data\/captcha_data\/1.png",
"_data\/captcha_data\/2.png",
"_data\/captcha_data\/3.png",
"_data\/captcha_data\/4.png"],
"path_font":["_data\/captcha_data\/1.ttf",
"_data\/captcha_data\/2.ttf",
"_data\/captcha_data\/3.ttf"]},
"languages":["it","en","fr","de","es"],
"location_message_path":{"it":"avviso","en":"notice"},
"page_settings":"pages.json",
"maxConnectionsByIP":30,
"maxItemsInCart":30,
"maxRegBeforeCaptcha":3,
"log_error_location":".\/_log\/reporting.htm",
"log_error_location_data":".\/_data\/misc\/topHerrormessage.htm",
"time_storage":604800,
"saved_files_location":".\/_data\/fileUploaded"}